word,,,
민준,,,
서준,,,
도윤,,,
예준,,,
시우,,,
하준,,,
주원,,,
지호,,,
지후,,,
준우,,,
준서,,,
건우,,,
도현,,,
현우,,,
지훈,,,
우진,,,
선우,,,
서진,,,
유준,,,
연우,,,
민재,,,
현준,,,
은우,,,
정우,,,
시윤,,,
승우,,,
승현,,,
준혁,,,
지환,,,
윤우,,,
승민,,,
유찬,,,
지우,,,
이준,,,
민성,,,
준영,,,
시후,,,
진우,,,
수호,,,
지원,,,
수현,,,
재윤,,,
시현,,,
동현,,,
태윤,,,
이안,,,
민규,,,
한결,,,
재원,,,
민우,,,
재민,,,
은찬,,,
윤호,,,
시원,,,
민찬,,,
지안,,,
시온,,,
성민,,,
준호,,,
승준,,,
성현,,,
현서,,,
재현,,,
하율,,,
지한,,,
우빈,,,
태민,,,
지성,,,
예성,,,
민호,,,
태현,,,
지율,,,
서우,,,
민혁,,,
은호,,,
성준,,,
규민,,,
정민,,,
준,,,
지민,,,
윤성,,,
율,,,
윤재,,,
우주,,,
하람,,,
하진,,,
민석,,,
준수,,,
은성,,,
태양,,,
예찬,,,
준희,,,
도훈,,,
하민,,,
준성,,,
건,,,
지완,,,
현수,,,
승원,,,
강민,,,
정현,,,
태준,,,
승호,,,
주호,,,
성빈,,,
주안,,,
민서,,,
로운,,,
도영,,,
우현,,,
민수,,,
건희,,,
주환,,,
하랑,,,
다온,,,
정훈,,,
원준,,,
시율,,,
시훈,,,
지오,,,
민기,,,
현민,,,
시완,,,
경민,,,
서율,,,
현성,,,
승윤,,,
주영,,,
동하,,,
태훈,,,
민건,,,
도율,,,
동건,,,
이현,,,
재훈,,,
태영,,,
호준,,,
승빈,,,
가온,,,
재준,,,
시환,,,
이든,,,
세현,,,
도하,,,
태경,,,
도원,,,
도경,,,
정후,,,
서후,,,
현진,,,
재영,,,
라온,,,
정원,,,
현승,,,
찬영,,,
영준,,,
상현,,,
범준,,,
윤,,,
온유,,,
승훈,,,
성윤,,,
현,,,
재하,,,
주혁,,,
찬우,,,
연준,,,
하윤,,,
우성,,,
동윤,,,
성훈,,,
승재,,,
찬희,,,
지혁,,,
건호,,,
세준,,,
동욱,,,
태율,,,
수민,,,
태호,,,
유건,,,
승찬,,,
윤찬,,,
단우,,,
태우,,,
산,,,
현호,,,
윤후,,,
현빈,,,
시안,,,
찬,,,
재우,,,
준석,,,
지운,,,
주현,,,
형준,,,
연호,,,
효준,,,
재혁,,,
주한,,,
성우,,,
규빈,,,
주완,,,
동우,,,
하늘,,,
수혁,,,
재희,,,
시헌,,,
상윤,,,
우찬,,,
유빈,,,
진호,,,
유현,,,
석현,,,
우영,,,
준형,,,
도연,,,
윤서,,,
유진,,,
서원,,,
지용,,,
용준,,,
규현,,,
준후,,,
동준,,,
은율,,,
도준,,,
호진,,,
강현,,,
태오,,,
태인,,,
진혁,,,
상우,,,
우준,,,
은준,,,
승후,,,
시호,,,
지웅,,,
승환,,,
은혁,,,
동훈,,,
유민,,,
하온,,,
도겸,,,
성원,,,
도진,,,
승주,,,
영민,,,
대현,,,
서윤,,,
종현,,,
세훈,,,
서호,,,
현석,,,
신우,,,
재호,,,
준현,,,
원우,,,
강우,,,
승유,,,
상민,,,
태환,,,
은수,,,
선호,,,
준원,,,
민결,,,
정빈,,,
동혁,,,
영우,,,
아인,,,
유안,,,
동규,,,
진서,,,
태성,,,
유성,,,
혜성,,,
요한,,,
성진,,,
여준,,,
윤건,,,
인우,,,
태건,,,
주형,,,
우혁,,,
희찬,,,
한율,,,
하성,,,
준범,,,
찬민,,,
서현,,,
정호,,,
윤수,,,
민제,,,
성호,,,
인성,,,
건후,,,
경준,,,
희준,,,
상준,,,
승혁,,,
성우,,,
규빈,,,
주완,,,
동우,,,
하늘,,,
수혁,,,
재희,,,
시헌,,,
상윤,,,
우찬,,,
유빈,,,
진호,,,
유현,,,
석현,,,
우영,,,
준형,,,
도연,,,
윤서,,,
유진,,,
서원,,,
지용,,,
용준,,,
규현,,,
준후,,,
동준,,,
은율,,,
도준,,,
호진,,,
강현,,,
태오,,,
태인,,,
진혁,,,
상우,,,
우준,,,
은준,,,
승후,,,
시호,,,
지웅,,,
승환,,,
은혁,,,
동훈,,,
유민,,,
하온,,,
도겸,,,
성원,,,
도진,,,
승주,,,
대현,,,
영민,,,
서윤,,,
종현,,,
세훈,,,
서호,,,
현석,,,
신우,,,
재호,,,
준현,,,
원우,,,
강우,,,
승유,,,
상민,,,
태환,,,
은수,,,
선호,,,
준원,,,
민결,,,
정빈,,,
동혁,,,
영우,,,
아인,,,
유안,,,
동규,,,
진서,,,
태성,,,
혜성,,,
유성,,,
요한,,,
성진,,,
여준,,,
윤건,,,
인우,,,
태건,,,
주형,,,
우혁,,,
희찬,,,
한율,,,
하성,,,
준범,,,
찬민,,,
서현,,,
정호,,,
윤수,,,
민제,,,
성호,,,
인성,,,
건후,,,
경준,,,
희준,,,
상준,,,
승혁,,,
재이,,,
태원,,,
준민,,,
재율,,,
민승,,,
태웅,,,
채민,,,
승헌,,,
한울,,,
재성,,,
시준,,,
진영,,,
환희,,,
선율,,,
세윤,,,
호연,,,
승기,,,
세진,,,
성재,,,
태하,,,
주성,,,
호영,,,
가람,,,
다원,,,
찬율,,,
현규,,,
규원,,,
이한,,,
연후,,,
현욱,,,
준하,,,
시영,,,
희성,,,
정윤,,,
진욱,,,
지윤,,,
창민,,,
지온,,,
지섭,,,
해준,,,
정환,,,
민,,,
건율,,,
은재,,,
찬혁,,,
동연,,,
유하,,,
노아,,,
성찬,,,
세민,,,
서빈,,,
우석,,,
영훈,,,
도형,,,
준기,,,
윤준,,,
지석,,,
로이,,,
인호,,,
은후,,,
명준,,,
상훈,,,
기현,,,
수빈,,,
재형,,,
아준,,,
해성,,,
민후,,,
진성,,,
주하,,,
시언,,,
시형,,,
상원,,,
태연,,,
도건,,,
재인,,,
준휘,,,
동민,,,
한준,,,
기범,,,
다니엘,,,
주헌,,,
재용,,,
수환,,,
원,,,
태규,,,
선재,,,
영재,,,
주찬,,,
영진,,,
지수,,,
동호,,,
우재,,,
승범,,,
동원,,,
한별,,,
건영,,,
진,,,
승연,,,
도헌,,,
한솔,,,
유담,,,
예건,,,
환,,,
은결,,,
민율,,,
민욱,,,
지헌,,,
석준,,,
준모,,,
현재,,,
결,,,
강,,,
이수,,,
재범,,,
리안,,,
재환,,,
찬유,,,
호윤,,,
해솔,,,
태희,,,
건하,,,
상혁,,,
성욱,,,
동환,,,
영찬,,,
준환,,,
진원,,,
하빈,,,
재욱,,,
경훈,,,
준상,,,
서하,,,
연수,,,
하루,,,
예담,,,
수찬,,,
강준,,,
도균,,,
태이,,,
훈,,,
형우,,,
승규,,,
재빈,,,
도운,,,
종혁,,,
근우,,,
찬호,,,
윤혁,,,
유신,,,
리우,,,
범수,,,
동주,,,
찬빈,,,
혁준,,,
한빈,,,
태빈,,,
창현,,,
성주,,,
혁,,,
지현,,,
이찬,,,
유승,,,
겸,,,
은규,,,
연재,,,
희재,,,
태완,,,
수영,,,
병준,,,
동휘,,,
세영,,,
태욱,,,
의준,,,
관우,,,
성환,,,
재연,,,
재경,,,
윤석,,,
민영,,,
대한,,,
선준,,,
지유,,,
지욱,,,
은석,,,
성연,,,
경빈,,,
정욱,,,
솔,,,
한서,,,
보겸,,,
인준,,,
윤제,,,
도빈,,,
준용,,,
규진,,,
희원,,,
다율,,,
주언,,,
성하,,,
재이,,,
태원,,,
준민,,,
재율,,,
민승,,,
태웅,,,
채민,,,
승헌,,,
한울,,,
재성,,,
시준,,,
진영,,,
환희,,,
선율,,,
호연,,,
세윤,,,
승기,,,
세진,,,
성재,,,
태하,,,
주성,,,
호영,,,
가람,,,
다원,,,
찬율,,,
현규,,,
규원,,,
이한,,,
연후,,,
현욱,,,
준하,,,
시영,,,
희성,,,
정윤,,,
진욱,,,
지윤,,,
창민,,,
지온,,,
지섭,,,
해준,,,
정환,,,
민,,,
건율,,,
은재,,,
찬혁,,,
동연,,,
유하,,,
노아,,,
성찬,,,
세민,,,
서빈,,,
우석,,,
영훈,,,
도형,,,
준기,,,
윤준,,,
지석,,,
로이,,,
인호,,,
은후,,,
명준,,,
상훈,,,
기현,,,
수빈,,,
재형,,,
아준,,,
해성,,,
민후,,,
진성,,,
주하,,,
시언,,,
시형,,,
상원,,,
태연,,,
도건,,,
재인,,,
준휘,,,
동민,,,
한준,,,
기범,,,
다니엘,,,
주헌,,,
재용,,,
수환,,,
원,,,
태규,,,
선재,,,
영재,,,
주찬,,,
영진,,,
지수,,,
동호,,,
우재,,,
승범,,,
동원,,,
한별,,,
건영,,,
진,,,
승연,,,
도헌,,,
한솔,,,
유담,,,
예건,,,
환,,,
은결,,,
민율,,,
민욱,,,
지헌,,,
석준,,,
준모,,,
현재,,,
결,,,
강,,,
이수,,,
재범,,,
리안,,,
찬유,,,
재환,,,
호윤,,,
해솔,,,
태희,,,
건하,,,
상혁,,,
성욱,,,
영찬,,,
동환,,,
준환,,,
진원,,,
하빈,,,
재욱,,,
경훈,,,
준상,,,
서하,,,
하루,,,
연수,,,
예담,,,
수찬,,,
강준,,,
도균,,,
태이,,,
훈,,,
형우,,,
승규,,,
재빈,,,
종혁,,,
도운,,,
근우,,,
찬호,,,
윤혁,,,
유신,,,
리우,,,
범수,,,
동주,,,
혁준,,,
찬빈,,,
한빈,,,
태빈,,,
창현,,,
성주,,,
혁,,,
지현,,,
이찬,,,
유승,,,
겸,,,
은규,,,
연재,,,
희재,,,
태완,,,
수영,,,
병준,,,
동휘,,,
세영,,,
태욱,,,
의준,,,
관우,,,
성환,,,
재연,,,
재경,,,
윤석,,,
민영,,,
대한,,,
선준,,,
지유,,,
은석,,,
지욱,,,
성연,,,
경빈,,,
정욱,,,
솔,,,
한서,,,
보겸,,,
인준,,,
윤제,,,
도빈,,,
준용,,,
규진,,,
희원,,,
주언,,,
다율,,,
영광,,,
성하,,,
현중,,,
형진,,,
종윤,,,
채훈,,,
정혁,,,
태형,,,
준오,,,
진수,,,
승진,,,
유겸,,,
찬서,,,
종민,,,
영빈,,,
의찬,,,
한,,,
승하,,,
유환,,,
종우,,,
호성,,,
희수,,,
태헌,,,
채우,,,
재헌,,,
원재,,,
석민,,,
경원,,,
승리,,,
강희,,,
상욱,,,
민형,,,
용현,,,
범진,,,
민섭,,,
준이,,,
서안,,,
명진,,,
예훈,,,
시혁,,,
영현,,,
상진,,,
원석,,,
승수,,,
우민,,,
현태,,,
정연,,,
도담,,,
이삭,,,
형주,,,
미르,,,
대윤,,,
로하,,,
정인,,,
용우,,,
유호,,,
태균,,,
건민,,,
요셉,,,
기훈,,,
영웅,,,
지홍,,,
종원,,,
선후,,,
동후,,,
태겸,,,
종훈,,,
유한,,,
호,,,
제민,,,
준표,,,
원빈,,,
보성,,,
인서,,,
동희,,,
의진,,,
준규,,,
리한,,,
혜준,,,
재후,,,
경호,,,
진현,,,
현도,,,
찬솔,,,
호현,,,
다현,,,
동균,,,
원호,,,
재웅,,,
세인,,,
하겸,,,
제이,,,
민겸,,,
진석,,,
승욱,,,
동근,,,
다훈,,,
동영,,,
형민,,,
지승,,,
대호,,,
기윤,,,
슬우,,,
해찬,,,
대영,,,
강윤,,,
정진,,,
서한,,,
진후,,,
동진,,,
윤상,,,
영서,,,
민균,,,
재승,,,
정준,,,
규태,,,
세찬,,,
민국,,,
우림,,,
경환,,,
우솔,,,
의현,,,
대성,,,
도엽,,,
근호,,,
효재,,,
다민,,,
효민,,,
민철,,,
어진,,,
준엽,,,
예승,,,
승언,,,
하원,,,
두현,,,
지형,,,
성율,,,
단,,,
채운,,,
진형,,,
대원,,,
정수,,,
시하,,,
도은,,,
용진,,,
주빈,,,
제현,,,
범서,,,
태진,,,
건형,,,
해인,,,
로건,,,
민교,,,
수인,,,
혁진,,,
슬찬,,,
영호,,,
하엘,,,
정운,,,
세환,,,
경현,,,
태산,,,
아론,,,
선민,,,
범,,,
준섭,,,
태후,,,
은유,,,
기찬,,,
승엽,,,
다빈,,,
선규,,,
태주,,,
기태,,,
채환,,,
제윤,,,
무진,,,
승완,,,
정재,,,
수안,,,
진규,,,
시유,,,
현웅,,,
용재,,,
윤오,,,
기준,,,
수한,,,
석훈,,,
태은,,,
우리,,,
석원,,,
로빈,,,
다엘,,,
세원,,,
채윤,,,
원진,,,
재아,,,
태혁,,,
규연,,,
필립,,,
한빛,,,
한솔,,,
유담,,,
예건,,,
환,,,
은결,,,
민율,,,
민욱,,,
지헌,,,
석준,,,
준모,,,
현재,,,
결,,,
강,,,
이수,,,
리안,,,
재범,,,
찬유,,,
재환,,,
호윤,,,
해솔,,,
태희,,,
건하,,,
상혁,,,
성욱,,,
영찬,,,
동환,,,
준환,,,
진원,,,
하빈,,,
재욱,,,
경훈,,,
준상,,,
서하,,,
연수,,,
하루,,,
예담,,,
수찬,,,
도균,,,
강준,,,
태이,,,
훈,,,
형우,,,
승규,,,
재빈,,,
도운,,,
종혁,,,
찬호,,,
근우,,,
윤혁,,,
유신,,,
리우,,,
범수,,,
동주,,,
혁준,,,
찬빈,,,
한빈,,,
태빈,,,
창현,,,
성주,,,
혁,,,
지현,,,
이찬,,,
유승,,,
겸,,,
은규,,,
연재,,,
희재,,,
태완,,,
수영,,,
병준,,,
동휘,,,
세영,,,
태욱,,,
의준,,,
관우,,,
성환,,,
재연,,,
재경,,,
민영,,,
윤석,,,
대한,,,
선준,,,
지유,,,
지욱,,,
은석,,,
성연,,,
경빈,,,
정욱,,,
솔,,,
한서,,,
보겸,,,
인준,,,
윤제,,,
도빈,,,
준용,,,
규진,,,
희원,,,
다율,,,
주언,,,
영광,,,
성하,,,
현중,,,
종윤,,,
형진,,,
채훈,,,
정혁,,,
태형,,,
준오,,,
진수,,,
승진,,,
유겸,,,
찬서,,,
종민,,,
영빈,,,
의찬,,,
한,,,
승하,,,
종우,,,
유환,,,
호성,,,
희수,,,
태헌,,,
채우,,,
재헌,,,
원재,,,
석민,,,
경원,,,
승리,,,
강희,,,
상욱,,,
민형,,,
용현,,,
민섭,,,
범진,,,
준이,,,
서안,,,
명진,,,
예훈,,,
시혁,,,
영현,,,
상진,,,
원석,,,
승수,,,
우민,,,
현태,,,
정연,,,
도담,,,
이삭,,,
형주,,,
미르,,,
대윤,,,
로하,,,
정인,,,
용우,,,
유호,,,
태균,,,
요셉,,,
건민,,,
기훈,,,
영웅,,,
지홍,,,
선후,,,
종원,,,
동후,,,
태겸,,,
종훈,,,
유한,,,
호,,,
제민,,,
준표,,,
원빈,,,
보성,,,
인서,,,
동희,,,
의진,,,
준규,,,
리한,,,
혜준,,,
재후,,,
경호,,,
진현,,,
현도,,,
찬솔,,,
호현,,,
다현,,,
동균,,,
원호,,,
재웅,,,
세인,,,
하겸,,,
제이,,,
민겸,,,
진석,,,
승욱,,,
동근,,,
다훈,,,
형민,,,
동영,,,
지승,,,
대호,,,
기윤,,,
슬우,,,
해찬,,,
대영,,,
강윤,,,
진후,,,
동진,,,
정진,,,
서한,,,
윤상,,,
영서,,,
민균,,,
재승,,,
정준,,,
규태,,,
세찬,,,
민국,,,
우림,,,
경환,,,
우솔,,,
대성,,,
의현,,,
도엽,,,
근호,,,
효재,,,
다민,,,
효민,,,
민철,,,
어진,,,
준엽,,,
예승,,,
승언,,,
하원,,,
두현,,,
성율,,,
지형,,,
단,,,
채운,,,
진형,,,
대원,,,
정수,,,
시하,,,
도은,,,
용진,,,
주빈,,,
제현,,,
태진,,,
범서,,,
건형,,,
해인,,,
로건,,,
민교,,,
수인,,,
혁진,,,
슬찬,,,
영호,,,
하엘,,,
정운,,,
경현,,,
세환,,,
태산,,,
아론,,,
선민,,,
범,,,
준섭,,,
태후,,,
은유,,,
기찬,,,
승엽,,,
선규,,,
다빈,,,
기태,,,
태주,,,
채환,,,
제윤,,,
승완,,,
무진,,,
정재,,,
수안,,,
진규,,,
시유,,,
용재,,,
현웅,,,
윤오,,,
기준,,,
수한,,,
석훈,,,
태은,,,
우리,,,
석원,,,
다엘,,,
로빈,,,
세원,,,
채윤,,,
원진,,,
규연,,,
태혁,,,
재아,,,
한빛,,,
필립,,,
성혁,,,
재완,,,
제하,,,
선빈,,,
윤기,,,
세빈,,,
이레,,,
인혁,,,
주훈,,,
광현,,,
재진,,,
보민,,,
도혁,,,
동빈,,,
진하,,,
병찬,,,
효성,,,
성규,,,
채준,,,
승효,,,
시진,,,
승한,,,
시운,,,
원영,,,
리호,,,
강빈,,,
강호,,,
성운,,,
유석,,,
채호,,,
다겸,,,
종호,,,
채원,,,
이도,,,
범석,,,
현종,,,
성수,,,
도언,,,
민하,,,
한성,,,
건욱,,,
상연,,,
건휘,,,
석진,,,
믿음,,,
효원,,,
도우,,,
규호,,,
선웅,,,
태유,,,
강산,,,
도환,,,
선유,,,
형석,,,
정헌,,,
현기,,,
용민,,,
태수,,,
하담,,,
신,,,
무성,,,
희승,,,
리온,,,
서훈,,,
용훈,,,
대훈,,,
루이,,,
이환,,,
동화,,,
경태,,,
강인,,,
유근,,,
이담,,,
영후,,,
찬휘,,,
래원,,,
채현,,,
무빈,,,
민근,,,
희우,,,
하음,,,
민상,,,
윤민,,,
빈,,,
현찬,,,
휘,,,
경록,,,
담,,,
찬웅,,,
지상,,,
상호,,,
서찬,,,
루다,,,
찬형,,,
하영,,,
효찬,,,
규성,,,
영인,,,
희윤,,,
정한,,,
예현,,,
현율,,,
지효,,,
상빈,,,
채완,,,
사무엘,,,
경찬,,,
솔민,,,
태서,,,
서형,,,
동율,,,
재홍,,,
은기,,,
승운,,,
은총,,,
주용,,,
서환,,,
윤환,,,
용찬,,,
진환,,,
세연,,,
누리,,,
진율,,,
원희,,,
기원,,,
태강,,,
인후,,,
준식,,,
민권,,,
병현,,,
재서,,,
세호,,,
윤빈,,,
인수,,,
호빈,,,
세종,,,
효빈,,,
신후,,,
서인,,,
훤,,,
대연,,,
우형,,,
마루,,,
태용,,,
주윤,,,
수완,,,
보현,,,
경모,,,
희건,,,
영주,,,
석우,,,
장우,,,
강유,,,
영석,,,
정안,,,
동해,,,
휘성,,,
동찬,,,
규범,,,
영환,,,
호재,,,
선,,,
유,,,
상헌,,,
병훈,,,
현오,,,
동은,,,
용하,,,
광민,,,
수,,,
인규,,,
명재,,,
인찬,,,
세웅,,,
진모,,,
도한,,,
성은,,,
중현,,,
도완,,,
대경,,,
리오,,,
대환,,,
해민,,,
민솔,,,
민구,,,
윤겸,,,
이솔,,,
다윤,,,
채율,,,
인하,,,
경수,,,
동완,,,
수오,,,
찬욱,,,
태온,,,
리환,,,
태운,,,
승건,,,
재석,,,
재유,,,
성하,,,
현중,,,
형진,,,
종윤,,,
채훈,,,
정혁,,,
태형,,,
준오,,,
진수,,,
승진,,,
유겸,,,
찬서,,,
종민,,,
영빈,,,
의찬,,,
한,,,
승하,,,
유환,,,
종우,,,
희수,,,
호성,,,
태헌,,,
채우,,,
재헌,,,
원재,,,
석민,,,
경원,,,
승리,,,
강희,,,
상욱,,,
민형,,,
민섭,,,
용현,,,
범진,,,
준이,,,
서안,,,
명진,,,
예훈,,,
시혁,,,
영현,,,
상진,,,
원석,,,
승수,,,
우민,,,
정연,,,
현태,,,
도담,,,
이삭,,,
형주,,,
미르,,,
대윤,,,
로하,,,
정인,,,
용우,,,
유호,,,
태균,,,
건민,,,
요셉,,,
기훈,,,
영웅,,,
지홍,,,
선후,,,
종원,,,
동후,,,
태겸,,,
종훈,,,
유한,,,
호,,,
제민,,,
준표,,,
원빈,,,
보성,,,
인서,,,
동희,,,
의진,,,
리한,,,
준규,,,
혜준,,,
재후,,,
경호,,,
진현,,,
현도,,,
찬솔,,,
호현,,,
다현,,,
동균,,,
원호,,,
재웅,,,
세인,,,
하겸,,,
제이,,,
민겸,,,
진석,,,
승욱,,,
동근,,,
다훈,,,
형민,,,
동영,,,
기윤,,,
대호,,,
지승,,,
슬우,,,
해찬,,,
대영,,,
강윤,,,
진후,,,
동진,,,
정진,,,
서한,,,
윤상,,,
영서,,,
민균,,,
재승,,,
정준,,,
규태,,,
세찬,,,
민국,,,
우림,,,
경환,,,
우솔,,,
대성,,,
의현,,,
도엽,,,
효재,,,
근호,,,
다민,,,
민철,,,
효민,,,
준엽,,,
어진,,,
예승,,,
승언,,,
두현,,,
하원,,,
성율,,,
단,,,
지형,,,
채운,,,
진형,,,
대원,,,
시하,,,
정수,,,
도은,,,
용진,,,
주빈,,,
제현,,,
태진,,,
범서,,,
건형,,,
해인,,,
로건,,,
민교,,,
혁진,,,
수인,,,
슬찬,,,
영호,,,
하엘,,,
정운,,,
세환,,,
경현,,,
태산,,,
선민,,,
아론,,,
범,,,
준섭,,,
태후,,,
은유,,,
기찬,,,
승엽,,,
다빈,,,
선규,,,
태주,,,
기태,,,
채환,,,
제윤,,,
승완,,,
무진,,,
정재,,,
수안,,,
진규,,,
시유,,,
용재,,,
현웅,,,
윤오,,,
기준,,,
석훈,,,
수한,,,
태은,,,
우리,,,
석원,,,
다엘,,,
로빈,,,
세원,,,
채윤,,,
원진,,,
재아,,,
태혁,,,
규연,,,
한빛,,,
필립,,,
성혁,,,
재완,,,
제하,,,
선빈,,,
윤기,,,
세빈,,,
이레,,,
인혁,,,
주훈,,,
광현,,,
도혁,,,
재진,,,
보민,,,
동빈,,,
진하,,,
효성,,,
병찬,,,
채준,,,
성규,,,
승효,,,
시진,,,
승한,,,
시운,,,
원영,,,
리호,,,
강빈,,,
강호,,,
성운,,,
유석,,,
채호,,,
다겸,,,
종호,,,
채원,,,
이도,,,
범석,,,
성수,,,
현종,,,
민하,,,
도언,,,
건욱,,,
건휘,,,
상연,,,
한성,,,
석진,,,
효원,,,
믿음,,,
도우,,,
규호,,,
선웅,,,
태유,,,
강산,,,
도환,,,
형석,,,
선유,,,
정헌,,,
현기,,,
용민,,,
태수,,,
하담,,,
신,,,
희승,,,
무성,,,
용훈,,,
리온,,,
서훈,,,
대훈,,,
루이,,,
이환,,,
동화,,,
경태,,,
이담,,,
유근,,,
강인,,,
영후,,,
찬휘,,,
래원,,,
채현,,,
무빈,,,
민근,,,
하음,,,
희우,,,
민상,,,
윤민,,,
빈,,,
현찬,,,
휘,,,
경록,,,
담,,,
찬웅,,,
지상,,,
상호,,,
서찬,,,
루다,,,
효찬,,,
하영,,,
찬형,,,
희윤,,,
규성,,,
영인,,,
정한,,,
예현,,,
지효,,,
현율,,,
채완,,,
상빈,,,
사무엘,,,
경찬,,,
솔민,,,
서형,,,
동율,,,
태서,,,
재홍,,,
은기,,,
은총,,,
승운,,,
주용,,,
서환,,,
윤환,,,
용찬,,,
세연,,,
진환,,,
누리,,,
진율,,,
원희,,,
기원,,,
태강,,,
인후,,,
준식,,,
민권,,,
재서,,,
병현,,,
세호,,,
윤빈,,,
인수,,,
세종,,,
호빈,,,
효빈,,,
신후,,,
서인,,,
훤,,,
우형,,,
대연,,,
주윤,,,
태용,,,
마루,,,
수완,,,
보현,,,
경모,,,
희건,,,
영주,,,
장우,,,
석우,,,
강유,,,
영석,,,
정안,,,
동해,,,
휘성,,,
동찬,,,
규범,,,
선,,,
영환,,,
호재,,,
상헌,,,
유,,,
현오,,,
병훈,,,
동은,,,
용하,,,
광민,,,
수,,,
인규,,,
명재,,,
인찬,,,
세웅,,,
진모,,,
도한,,,
도완,,,
중현,,,
성은,,,
대경,,,
리오,,,
대환,,,
해민,,,
민솔,,,
민구,,,
이솔,,,
윤겸,,,
다윤,,,
채율,,,
인하,,,
수오,,,
경수,,,
동완,,,
찬욱,,,
태온,,,
리환,,,
태운,,,
재유,,,
승건,,,
재석,,,
해온,,,
용빈,,,
호민,,,
태한,,,
연성,,,
도후,,,
기주,,,
다인,,,
서혁,,,
예강,,,
홍준,,,
지찬,,,
대희,,,
강훈,,,
이건,,,
현후,,,
호찬,,,
장현,,,
레오,,,
주연,,,
이서,,,
진유,,,
해원,,,
동헌,,,
시찬,,,
성후,,,
종하,,,
제원,,,
근영,,,
세혁,,,
예한,,,
준명,,,
무경,,,
이루,,,
태랑,,,
찬규,,,
시연,,,
진웅,,,
은상,,,
성모,,,
현동,,,
용호,,,
원혁,,,
상후,,,
동엽,,,
대건,,,
규환,,,
지빈,,,
재겸,,,
루하,,,
건웅,,,
해윤,,,
하운,,,
호원,,,
현제,,,
석빈,,,
온,,,
제우,,,
휘준,,,
기환,,,
경진,,,
규담,,,
민환,,,
세헌,,,
치우,,,
장원,,,
제훈,,,
서온,,,
해담,,,
현식,,,
휘찬,,,
동재,,,
예환,,,
해진,,,
준아,,,
창우,,,
재휘,,,
준한,,,
이헌,,,
준재,,,
기민,,,
영욱,,,
진오,,,
로한,,,
강후,,,
윤형,,,
상율,,,
하승,,,
석주,,,
세율,,,
하울,,,
권,,,
한겸,,,
명훈,,,
창희,,,
태림,,,
성범,,,
지범,,,
찬이,,,
도,,,
세온,,,
서완,,,
원찬,,,
정찬,,,
동인,,,
민식,,,
범규,,,
준경,,,
민용,,,
영수,,,
창준,,,
유노,,,
원규,,,
규하,,,
하임,,,
현섭,,,
민종,,,
민범,,,
강율,,,
도휘,,,
현모,,,
리후,,,
우경,,,
은택,,,
송현,,,
상엽,,,
규영,,,
윤하,,,
승제,,,
가을,,,
다운,,,
형찬,,,
혁주,,,
윤태,,,
훈민,,,
종찬,,,
석영,,,
윤규,,,
승휘,,,
도유,,,
재찬,,,
형빈,,,
찬준,,,
우람,,,
석호,,,
요엘,,,
태범,,,
희상,,,
무겸,,,
다솔,,,
준빈,,,
은빈,,,
기성,,,
사랑,,,
준연,,,
진명,,,
세하,,,
다윗,,,
형욱,,,
용주,,,
종빈,,,
진용,,,
윤섭,,,
호수,,,
소율,,,
재익,,,
창빈,,,
수원,,,
지태,,,
해율,,,
동운,,,
권우,,,
강혁,,,
재운,,,
리원,,,
기영,,,
창훈,,,
민중,,,
선욱,,,
세한,,,
재한,,,
윤승,,,
동한,,,
성용,,,
종욱,,,
은섭,,,
라윤,,,
승희,,,
종인,,,
수하,,,
하언,,,
승표,,,
화랑,,,
소망,,,
태휘,,,
준열,,,
하경,,,
승용,,,
유섭,,,
민채,,,
서연,,,
서윤,,,
지우,,,
서현,,,
하은,,,
하윤,,,
민서,,,
지유,,,
윤서,,,
지민,,,
채원,,,
수아,,,
지아,,,
지윤,,,
은서,,,
다은,,,
예은,,,
수빈,,,
지안,,,
소율,,,
예린,,,
예원,,,
하린,,,
지원,,,
소윤,,,
서아,,,
시은,,,
유나,,,
유진,,,
채은,,,
윤아,,,
가은,,,
서영,,,
민지,,,
예진,,,
예나,,,
수민,,,
수연,,,
연우,,,
시아,,,
아린,,,
예서,,,
주아,,,
하율,,,
시연,,,
연서,,,
다인,,,
서우,,,
유주,,,
다연,,,
아인,,,
현서,,,
아윤,,,
서은,,,
채윤,,,
하연,,,
서율,,,
서진,,,
유빈,,,
나윤,,,
지율,,,
나은,,,
수현,,,
예지,,,
다현,,,
서하,,,
소은,,,
나연,,,
지은,,,
민주,,,
사랑,,,
시현,,,
예빈,,,
윤지,,,
지현,,,
소연,,,
채아,,,
혜원,,,
지수,,,
은채,,,
주하,,,
승아,,,
다윤,,,
소민,,,
서희,,,
나현,,,
채린,,,
민아,,,
하영,,,
세아,,,
세은,,,
도연,,,
규리,,,
아영,,,
다온,,,
가윤,,,
지연,,,
예림,,,
태희,,,
민채,,,
주은,,,
시윤,,,
유정,,,
연아,,,
소현,,,
아현,,,
보민,,,
민정,,,
수진,,,
현지,,,
민경,,,
정원,,,
나경,,,
가현,,,
세연,,,
은지,,,
윤하,,,
가연,,,
지효,,,
가온,,,
라희,,,
예슬,,,
채연,,,
한별,,,
현아,,,
하늘,,,
소희,,,
유하,,,
효주,,,
유림,,,
채민,,,
은솔,,,
봄,,,
소이,,,
가영,,,
주연,,,
예주,,,
유리,,,
리아,,,
혜린,,,
하진,,,
다희,,,
하랑,,,
설아,,,
하나,,,
태연,,,
윤슬,,,
은우,,,
하람,,,
다혜,,,
다솜,,,
혜인,,,
지혜,,,
유민,,,
재인,,,
승연,,,
다빈,,,
재이,,,
수인,,,
이서,,,
지영,,,
수정,,,
시온,,,
은유,,,
채영,,,
주원,,,
고은,,,
태린,,,
태은,,,
지후,,,
아라,,,
나영,,,
민하,,,
수지,,,
소영,,,
단아,,,
은별,,,
서인,,,
보경,,,
다영,,,
주희,,,
가빈,,,
채현,,,
정민,,,
예솔,,,
시우,,,
효린,,,
지온,,,
정윤,,,
소정,,,
라온,,,
은재,,,
세빈,,,
채이,,,
한나,,,
연재,,,
서빈,,,
예담,,,
슬아,,,
아진,,,
해인,,,
아연,,,
도희,,,
연주,,,
보미,,,
예인,,,
지호,,,
나율,,,
서정,,,
다원,,,
하음,,,
정연,,,
별,,,
은빈,,,
다율,,,
서원,,,
율,,,
세인,,,
효은,,,
연지,,,
준희,,,
재희,,,
채희,,,
지인,,,
도은,,,
은비,,,
다경,,,
리원,,,
채빈,,,
소미,,,
희원,,,
가인,,,
윤주,,,
유은,,,
혜민,,,
미소,,,
로아,,,
루아,,,
솔,,,
은수,,,
혜진,,,
은율,,,
세린,,,
리안,,,
이안,,,
은혜,,,
연수,,,
재은,,,
설,,,
하민,,,
아름,,,
유라,,,
효원,,,
라윤,,,
현진,,,
유이,,,
민영,,,
이현,,,
선우,,,
혜빈,,,
단비,,,
하온,,,
정현,,,
혜윤,,,
온유,,,
윤,,,
세영,,,
정은,,,
제인,,,
여진,,,
채율,,,
가을,,,
민솔,,,
윤진,,,
태리,,,
라엘,,,
은성,,,
세희,,,
유경,,,
여원,,,
현정,,,
서린,,,
가람,,,
주현,,,
윤채,,,
소원,,,
진서,,,
나린,,,
은설,,,
현주,,,
도경,,,
하엘,,,
연희,,,
해나,,,
혜림,,,
효민,,,
진아,,,
다정,,,
가희,,,
주영,,,
해인,,,
아연,,,
도희,,,
연주,,,
보미,,,
예인,,,
지호,,,
나율,,,
서정,,,
다원,,,
하음,,,
정연,,,
별,,,
은빈,,,
다율,,,
서원,,,
율,,,
세인,,,
효은,,,
연지,,,
준희,,,
재희,,,
지인,,,
채희,,,
도은,,,
은비,,,
다경,,,
리원,,,
채빈,,,
소미,,,
희원,,,
가인,,,
윤주,,,
유은,,,
혜민,,,
미소,,,
로아,,,
루아,,,
솔,,,
은수,,,
혜진,,,
은율,,,
세린,,,
리안,,,
이안,,,
은혜,,,
연수,,,
재은,,,
설,,,
하민,,,
아름,,,
유라,,,
효원,,,
라윤,,,
현진,,,
유이,,,
민영,,,
이현,,,
선우,,,
혜빈,,,
단비,,,
하온,,,
정현,,,
혜윤,,,
온유,,,
윤,,,
세영,,,
정은,,,
제인,,,
여진,,,
채율,,,
가을,,,
민솔,,,
윤진,,,
태리,,,
라엘,,,
은성,,,
세희,,,
유경,,,
여원,,,
현정,,,
서린,,,
가람,,,
주현,,,
윤채,,,
소원,,,
진서,,,
나린,,,
은설,,,
현주,,,
도경,,,
하엘,,,
연희,,,
해나,,,
혜림,,,
효민,,,
진아,,,
다정,,,
가희,,,
주영,,,
제이,,,
소담,,,
혜리,,,
라임,,,
하빈,,,
규빈,,,
지예,,,
지희,,,
수영,,,
효빈,,,
희주,,,
다예,,,
시원,,,
아림,,,
리나,,,
려원,,,
승희,,,
은진,,,
가율,,,
시율,,,
하정,,,
혜주,,,
시영,,,
윤희,,,
다민,,,
효정,,,
하리,,,
이나,,,
이솔,,,
선아,,,
나희,,,
해솔,,,
은아,,,
희진,,,
효진,,,
정인,,,
하경,,,
성은,,,
윤정,,,
승현,,,
규린,,,
윤솔,,,
새봄,,,
영은,,,
유안,,,
지오,,,
송현,,,
해린,,,
재아,,,
소유,,,
은영,,,
선유,,,
영서,,,
인서,,,
보영,,,
아율,,,
서이,,,
규림,,,
태이,,,
민선,,,
은하,,,
민희,,,
아정,,,
하임,,,
세현,,,
우리,,,
도윤,,,
도아,,,
아란,,,
승주,,,
혜나,,,
효림,,,
별하,,,
가원,,,
선영,,,
하늬,,,
수린,,,
예온,,,
예리,,,
시하,,,
담희,,,
도영,,,
희수,,,
다솔,,,
정아,,,
루리,,,
선율,,,
희연,,,
라은,,,
한비,,,
은정,,,
희서,,,
송연,,,
해원,,,
예람,,,
시안,,,
이수,,,
서경,,,
혜연,,,
라율,,,
리하,,,
하원,,,
은,,,
지나,,,
다해,,,
유미,,,
린,,,
유현,,,
예랑,,,
아람,,,
은주,,,
윤영,,,
하루,,,
빛나,,,
여은,,,
우주,,,
세령,,,
경민,,,
하라,,,
세진,,,
예령,,,
예영,,,
예윤,,,
혜정,,,
진,,,
수안,,,
로하,,,
진희,,,
초아,,,
나예,,,
수하,,,
수경,,,
누리,,,
아리,,,
진주,,,
인아,,,
태경,,,
민진,,,
나원,,,
윤설,,,
민,,,
보현,,,
인영,,,
이레,,,
하선,,,
성연,,,
승은,,,
태인,,,
정빈,,,
예현,,,
다미,,,
경은,,,
연진,,,
유담,,,
해윤,,,
나래,,,
희정,,,
소예,,,
규원,,,
가민,,,
한솔,,,
서안,,,
여울,,,
세하,,,
희윤,,,
여름,,,
다겸,,,
도이,,,
율아,,,
채하,,,
규민,,,
로희,,,
이진,,,
세나,,,
아민,,,
서유,,,
나라,,,
혜은,,,
시유,,,
재연,,,
세윤,,,
지선,,,
세라,,,
하이,,,
해리,,,
슬,,,
안나,,,
채령,,,
혜영,,,
재윤,,,
미나,,,
루다,,,
현,,,
태림,,,
주혜,,,
루나,,,
연후,,,
민설,,,
린아,,,
혜령,,,
제이,,,
소담,,,
혜리,,,
라임,,,
하빈,,,
규빈,,,
지예,,,
지희,,,
수영,,,
효빈,,,
희주,,,
다예,,,
시원,,,
아림,,,
리나,,,
려원,,,
승희,,,
은진,,,
가율,,,
시율,,,
하정,,,
혜주,,,
시영,,,
윤희,,,
효정,,,
다민,,,
하리,,,
이나,,,
이솔,,,
선아,,,
나희,,,
해솔,,,
은아,,,
희진,,,
효진,,,
정인,,,
하경,,,
성은,,,
윤정,,,
승현,,,
규린,,,
윤솔,,,
새봄,,,
영은,,,
유안,,,
지오,,,
송현,,,
해린,,,
재아,,,
소유,,,
은영,,,
선유,,,
영서,,,
인서,,,
보영,,,
아율,,,
서이,,,
규림,,,
태이,,,
민선,,,
은하,,,
민희,,,
아정,,,
하임,,,
세현,,,
우리,,,
도윤,,,
도아,,,
아란,,,
승주,,,
혜나,,,
효림,,,
별하,,,
가원,,,
선영,,,
하늬,,,
수린,,,
예온,,,
예리,,,
시하,,,
담희,,,
도영,,,
희수,,,
다솔,,,
정아,,,
루리,,,
선율,,,
희연,,,
라은,,,
한비,,,
은정,,,
희서,,,
송연,,,
해원,,,
예람,,,
시안,,,
이수,,,
서경,,,
혜연,,,
라율,,,
리하,,,
은,,,
하원,,,
지나,,,
다해,,,
유미,,,
린,,,
유현,,,
예랑,,,
아람,,,
은주,,,
하루,,,
윤영,,,
빛나,,,
여은,,,
우주,,,
세령,,,
경민,,,
하라,,,
세진,,,
예령,,,
예영,,,
혜정,,,
예윤,,,
진,,,
수안,,,
로하,,,
진희,,,
초아,,,
나예,,,
수하,,,
수경,,,
누리,,,
아리,,,
진주,,,
인아,,,
태경,,,
민진,,,
나원,,,
윤설,,,
민,,,
보현,,,
인영,,,
이레,,,
하선,,,
성연,,,
승은,,,
태인,,,
정빈,,,
예현,,,
다미,,,
경은,,,
연진,,,
유담,,,
해윤,,,
나래,,,
희정,,,
소예,,,
규원,,,
가민,,,
한솔,,,
서안,,,
여울,,,
세하,,,
희윤,,,
여름,,,
도이,,,
다겸,,,
율아,,,
채하,,,
규민,,,
로희,,,
이진,,,
세나,,,
아민,,,
서유,,,
나라,,,
혜은,,,
시유,,,
재연,,,
세윤,,,
지선,,,
세라,,,
하이,,,
해리,,,
슬,,,
안나,,,
채령,,,
혜영,,,
재윤,,,
미나,,,
루다,,,
현,,,
주혜,,,
태림,,,
루나,,,
민설,,,
연후,,,
린아,,,
혜령,,,
보윤,,,
진영,,,
에스더,,,
초은,,,
슬기,,,
세림,,,
보람,,,
유희,,,
예봄,,,
성아,,,
기쁨,,,
채림,,,
시언,,,
다나,,,
송이,,,
미주,,,
윤경,,,
로운,,,
은송,,,
보라,,,
지애,,,
설하,,,
승하,,,
사라,,,
리우,,,
도현,,,
현경,,,
설희,,,
영주,,,
민재,,,
로은,,,
효인,,,
주빈,,,
보빈,,,
예승,,,
소망,,,
주이,,,
세민,,,
예음,,,
아랑,,,
나혜,,,
은결,,,
라원,,,
이은,,,
샛별,,,
혜지,,,
예하,,,
소진,,,
민유,,,
한결,,,
태영,,,
서후,,,
은경,,,
하림,,,
연두,,,
선민,,,
보연,,,
율희,,,
유솔,,,
은희,,,
연정,,,
제니,,,
규연,,,
율하,,,
세이,,,
라현,,,
은호,,,
예안,,,
고운,,,
희선,,,
보은,,,
은교,,,
율리,,,
세정,,,
가령,,,
재원,,,
호연,,,
송희,,,
나림,,,
영채,,,
지언,,,
제나,,,
희은,,,
시호,,,
승민,,,
채안,,,
예율,,,
서온,,,
현희,,,
민교,,,
지빈,,,
재영,,,
하현,,,
선하,,,
주윤,,,
효리,,,
도담,,,
재경,,,
강희,,,
세경,,,
예설,,,
수희,,,
선주,,,
소빈,,,
우림,,,
이엘,,,
해온,,,
루하,,,
세원,,,
조이,,,
주미,,,
희영,,,
미래,,,
민혜,,,
연경,,,
승혜,,,
은선,,,
희재,,,
제아,,,
경빈,,,
혜선,,,
미진,,,
윤선,,,
유선,,,
성현,,,
민송,,,
채경,,,
주안,,,
나엘,,,
인혜,,,
근영,,,
보아,,,
예성,,,
수미,,,
로이,,,
하령,,,
현영,,,
세미,,,
이랑,,,
혜율,,,
희,,,
다엘,,,
도원,,,
이담,,,
호정,,,
한서,,,
태윤,,,
경원,,,
새론,,,
려은,,,
성희,,,
아은,,,
도하,,,
윤빈,,,
해민,,,
다애,,,
서주,,,
윤우,,,
보배,,,
소을,,,
선미,,,
미정,,,
혜수,,,
준서,,,
선혜,,,
나리,,,
애린,,,
소울,,,
유아,,,
혜미,,,
지이,,,
선,,,
윤이,,,
레아,,,
민소,,,
예희,,,
연,,,
선희,,,
이정,,,
샤론,,,
정희,,,
세온,,,
리온,,,
연화,,,
정음,,,
슬비,,,
초원,,,
가림,,,
새별,,,
예소,,,
수윤,,,
루비,,,
담이,,,
솔희,,,
유연,,,
채리,,,
진솔,,,
나겸,,,
시후,,,
나온,,,
하원,,,
리하,,,
은,,,
지나,,,
다해,,,
유미,,,
린,,,
유현,,,
아람,,,
예랑,,,
은주,,,
하루,,,
윤영,,,
빛나,,,
여은,,,
우주,,,
세령,,,
경민,,,
하라,,,
세진,,,
예령,,,
예영,,,
혜정,,,
예윤,,,
진,,,
수안,,,
로하,,,
진희,,,
초아,,,
나예,,,
수하,,,
수경,,,
누리,,,
아리,,,
진주,,,
인아,,,
태경,,,
민진,,,
나원,,,
윤설,,,
민,,,
보현,,,
인영,,,
이레,,,
하선,,,
성연,,,
승은,,,
태인,,,
정빈,,,
예현,,,
다미,,,
경은,,,
연진,,,
유담,,,
해윤,,,
나래,,,
희정,,,
소예,,,
규원,,,
가민,,,
한솔,,,
서안,,,
여울,,,
세하,,,
여름,,,
희윤,,,
다겸,,,
도이,,,
율아,,,
채하,,,
규민,,,
로희,,,
이진,,,
세나,,,
아민,,,
서유,,,
나라,,,
혜은,,,
시유,,,
재연,,,
세윤,,,
지선,,,
세라,,,
하이,,,
해리,,,
슬,,,
안나,,,
채령,,,
혜영,,,
재윤,,,
미나,,,
루다,,,
현,,,
태림,,,
주혜,,,
루나,,,
연후,,,
민설,,,
린아,,,
혜령,,,
보윤,,,
진영,,,
에스더,,,
초은,,,
슬기,,,
세림,,,
유희,,,
보람,,,
예봄,,,
성아,,,
기쁨,,,
채림,,,
시언,,,
다나,,,
송이,,,
미주,,,
윤경,,,
로운,,,
은송,,,
보라,,,
지애,,,
설하,,,
승하,,,
리우,,,
사라,,,
도현,,,
현경,,,
설희,,,
영주,,,
민재,,,
로은,,,
효인,,,
주빈,,,
보빈,,,
소망,,,
예승,,,
주이,,,
세민,,,
예음,,,
아랑,,,
나혜,,,
은결,,,
라원,,,
이은,,,
샛별,,,
혜지,,,
소진,,,
예하,,,
민유,,,
한결,,,
태영,,,
서후,,,
하림,,,
은경,,,
연두,,,
선민,,,
보연,,,
율희,,,
유솔,,,
은희,,,
연정,,,
제니,,,
규연,,,
세이,,,
율하,,,
라현,,,
은호,,,
예안,,,
고운,,,
희선,,,
은교,,,
보은,,,
율리,,,
세정,,,
가령,,,
재원,,,
호연,,,
송희,,,
나림,,,
영채,,,
제나,,,
지언,,,
희은,,,
시호,,,
승민,,,
예율,,,
채안,,,
서온,,,
현희,,,
민교,,,
지빈,,,
재영,,,
선하,,,
하현,,,
주윤,,,
효리,,,
재경,,,
도담,,,
강희,,,
세경,,,
예설,,,
수희,,,
소빈,,,
선주,,,
우림,,,
해온,,,
이엘,,,
루하,,,
세원,,,
조이,,,
주미,,,
희영,,,
연경,,,
미래,,,
민혜,,,
승혜,,,
희재,,,
은선,,,
경빈,,,
제아,,,
혜선,,,
미진,,,
윤선,,,
유선,,,
민송,,,
성현,,,
채경,,,
주안,,,
근영,,,
나엘,,,
인혜,,,
보아,,,
예성,,,
수미,,,
로이,,,
하령,,,
현영,,,
세미,,,
이랑,,,
혜율,,,
희,,,
다엘,,,
도원,,,
이담,,,
한서,,,
호정,,,
경원,,,
태윤,,,
새론,,,
려은,,,
성희,,,
아은,,,
도하,,,
윤빈,,,
해민,,,
다애,,,
서주,,,
소을,,,
보배,,,
윤우,,,
선미,,,
미정,,,
혜수,,,
준서,,,
나리,,,
소울,,,
애린,,,
선혜,,,
유아,,,
혜미,,,
지이,,,
선,,,
윤이,,,
레아,,,
민소,,,
예희,,,
선희,,,
연,,,
정희,,,
샤론,,,
이정,,,
세온,,,
리온,,,
슬비,,,
정음,,,
연화,,,
초원,,,
가림,,,
예소,,,
새별,,,
루비,,,
수윤,,,
담이,,,
솔희,,,
채리,,,
유연,,,
진솔,,,
나겸,,,
나온,,,
시후,,,
솔비,,,
혜성,,,
규나,,,
서령,,,
정하,,,
효연,,,
유린,,,
어진,,,
루미,,,
리윤,,,
유지,,,
혜승,,,
단희,,,
건희,,,
이슬,,,
금비,,,
보나,,,
이든,,,
선빈,,,
신비,,,
연하,,,
윤비,,,
영인,,,
루희,,,
효경,,,
규은,,,
이설,,,
정안,,,
지음,,,
정서,,,
한슬,,,
리예,,,
은후,,,
설현,,,
초희,,,
서형,,,
은세,,,
소리,,,
예솜,,,
신영,,,
혜서,,,
진하,,,
효서,,,
지서,,,
찬희,,,
채유,,,
조은,,,
미경,,,
원희,,,
리현,,,
단,,,
솔빈,,,
다운,,,
수림,,,
솔민,,,
유영,,,
해빈,,,
우정,,,
해진,,,
이지,,,
승미,,,
아빈,,,
선경,,,
의진,,,
환희,,,
현채,,,
하솜,,,
경서,,,
원,,,
주리,,,
혜경,,,
빈,,,
효재,,,
해림,,,
솜,,,
은효,,,
예준,,,
우진,,,
가경,,,
소라,,,
봄이,,,
선화,,,
은미,,,
채인,,,
윤성,,,
세리,,,
진경,,,
신혜,,,
채언,,,
여정,,,
한빛,,,
라연,,,
다흰,,,
푸름,,,
화영,,,
승유,,,
희경,,,
서림,,,
영현,,,
해주,,,
상은,,,
상아,,,
예선,,,
연제,,,
은민,,,
수예,,,
소혜,,,
지운,,,
희우,,,
승빈,,,
은총,,,
민성,,,
나나,,,
성주,,,
담,,,
리사,,,
승원,,,
태현,,,
하담,,,
결,,,
주예,,,
다슬,,,
그린,,,
주언,,,
예송,,,
솔지,,,
규희,,,
윤재,,,
현수,,,
경아,,,
소린,,,
하니,,,
찬미,,,
단하,,,
유원,,,
미연,,,
송하,,,
엘리,,,
초연,,,
단우,,,
현선,,,
지솔,,,
아원,,,
유비,,,
래아,,,
솔아,,,
채우,,,
혜준,,,
은조,,,
애리,,,
한울,,,
규비,,,
규아,,,
승리,,,
현민,,,
하얀,,,
미영,,,
성윤,,,
연호,,,
제희,,,
현이,,,
동희,,,
미서,,,
수은,,,
승윤,,,
민슬,,,
영지,,,
진이,,,
현비,,,
수애,,,
윤혜,,,
진유,,,
영아,,,
하솔,,,
인하,,,
유화,,,
미현,,,
경희,,,
예경,,,
수,,,
조안,,,
해연,,,
한율,,,
새롬,,,
해율,,,
미선,,,
이린,,,
규미,,,
비,,,
초이,,,
율이,,,
마리,,,
혜온,,,
자윤,,,
은제,,,
다올,,,
바다,,,
성경,,,
우빈,,,
승지,,,
보윤,,,
진영,,,
에스더,,,
초은,,,
슬기,,,
세림,,,
유희,,,
보람,,,
예봄,,,
성아,,,
기쁨,,,
채림,,,
시언,,,
다나,,,
송이,,,
윤경,,,
미주,,,
로운,,,
은송,,,
보라,,,
지애,,,
설하,,,
승하,,,
사라,,,
리우,,,
도현,,,
현경,,,
설희,,,
영주,,,
민재,,,
로은,,,
효인,,,
주빈,,,
보빈,,,
예승,,,
소망,,,
주이,,,
세민,,,
예음,,,
아랑,,,
나혜,,,
은결,,,
라원,,,
이은,,,
샛별,,,
혜지,,,
예하,,,
소진,,,
민유,,,
한결,,,
태영,,,
서후,,,
은경,,,
하림,,,
연두,,,
선민,,,
보연,,,
율희,,,
유솔,,,
은희,,,
연정,,,
제니,,,
규연,,,
율하,,,
세이,,,
라현,,,
은호,,,
고운,,,
예안,,,
희선,,,
은교,,,
보은,,,
율리,,,
세정,,,
가령,,,
재원,,,
호연,,,
송희,,,
나림,,,
영채,,,
제나,,,
지언,,,
희은,,,
승민,,,
시호,,,
예율,,,
채안,,,
서온,,,
현희,,,
민교,,,
지빈,,,
재영,,,
하현,,,
선하,,,
효리,,,
주윤,,,
재경,,,
도담,,,
강희,,,
예설,,,
세경,,,
수희,,,
선주,,,
소빈,,,
우림,,,
해온,,,
이엘,,,
루하,,,
세원,,,
조이,,,
주미,,,
희영,,,
민혜,,,
미래,,,
연경,,,
승혜,,,
은선,,,
희재,,,
혜선,,,
제아,,,
경빈,,,
미진,,,
윤선,,,
유선,,,
민송,,,
채경,,,
성현,,,
주안,,,
인혜,,,
나엘,,,
근영,,,
보아,,,
예성,,,
수미,,,
로이,,,
하령,,,
현영,,,
세미,,,
이랑,,,
혜율,,,
희,,,
다엘,,,
도원,,,
이담,,,
호정,,,
한서,,,
태윤,,,
경원,,,
새론,,,
려은,,,
성희,,,
아은,,,
도하,,,
윤빈,,,
해민,,,
다애,,,
서주,,,
보배,,,
윤우,,,
소을,,,
선미,,,
미정,,,
혜수,,,
준서,,,
선혜,,,
나리,,,
소울,,,
애린,,,
유아,,,
혜미,,,
지이,,,
선,,,
윤이,,,
레아,,,
민소,,,
예희,,,
선희,,,
연,,,
샤론,,,
정희,,,
이정,,,
세온,,,
리온,,,
연화,,,
슬비,,,
정음,,,
초원,,,
가림,,,
새별,,,
예소,,,
루비,,,
수윤,,,
담이,,,
솔희,,,
유연,,,
채리,,,
진솔,,,
나겸,,,
나온,,,
시후,,,
혜성,,,
솔비,,,
서령,,,
규나,,,
정하,,,
효연,,,
유린,,,
어진,,,
루미,,,
리윤,,,
유지,,,
혜승,,,
건희,,,
단희,,,
금비,,,
이슬,,,
이든,,,
선빈,,,
보나,,,
신비,,,
연하,,,
윤비,,,
영인,,,
효경,,,
루희,,,
규은,,,
이설,,,
정안,,,
지음,,,
정서,,,
한슬,,,
리예,,,
초희,,,
은후,,,
설현,,,
서형,,,
은세,,,
소리,,,
신영,,,
예솜,,,
혜서,,,
진하,,,
효서,,,
지서,,,
찬희,,,
채유,,,
조은,,,
미경,,,
원희,,,
단,,,
솔빈,,,
리현,,,
다운,,,
수림,,,
솔민,,,
유영,,,
해빈,,,
우정,,,
해진,,,
이지,,,
아빈,,,
승미,,,
선경,,,
의진,,,
현채,,,
하솜,,,
환희,,,
경서,,,
원,,,
주리,,,
혜경,,,
효재,,,
빈,,,
해림,,,
솜,,,
은효,,,
예준,,,
우진,,,
가경,,,
소라,,,
봄이,,,
선화,,,
은미,,,
윤성,,,
채인,,,
세리,,,
신혜,,,
진경,,,
채언,,,
한빛,,,
여정,,,
다흰,,,
라연,,,
승유,,,
화영,,,
푸름,,,
희경,,,
서림,,,
상은,,,
영현,,,
해주,,,
상아,,,
예선,,,
연제,,,
은민,,,
수예,,,
소혜,,,
지운,,,
희우,,,
승빈,,,
민성,,,
은총,,,
나나,,,
성주,,,
담,,,
리사,,,
결,,,
승원,,,
하담,,,
태현,,,
주예,,,
다슬,,,
그린,,,
예송,,,
주언,,,
솔지,,,
규희,,,
윤재,,,
현수,,,
경아,,,
소린,,,
찬미,,,
하니,,,
유원,,,
단하,,,
미연,,,
송하,,,
초연,,,
엘리,,,
단우,,,
현선,,,
유비,,,
아원,,,
지솔,,,
솔아,,,
래아,,,
채우,,,
혜준,,,
은조,,,
애리,,,
한울,,,
규아,,,
규비,,,
승리,,,
현민,,,
연호,,,
하얀,,,
성윤,,,
미영,,,
제희,,,
현이,,,
미서,,,
승윤,,,
동희,,,
민슬,,,
수은,,,
현비,,,
수애,,,
영지,,,
진이,,,
진유,,,
윤혜,,,
영아,,,
하솔,,,
인하,,,
유화,,,
미현,,,
경희,,,
예경,,,
수,,,
한율,,,
새롬,,,
해연,,,
조안,,,
이린,,,
해율,,,
미선,,,
규미,,,
비,,,
혜온,,,
초이,,,
마리,,,
율이,,,
자윤,,,
우빈,,,
성경,,,
은제,,,
바다,,,
다올,,,
승지,,,
준영,,,
세율,,,
이주,,,
미우,,,
해슬,,,
해담,,,
인경,,,
가린,,,
하유,,,
레나,,,
벼리,,,
원영,,,
정화,,,
소명,,,
솔이,,,
래은,,,
인애,,,
명주,,,
유,,,
유니,,,
비주,,,
설리,,,
루빈,,,
희나,,,
자은,,,
명지,,,
담비,,,
해은,,,
희지,,,
소운,,,
리유,,,
다유,,,
은찬,,,
경진,,,
이룸,,,
경미,,,
보겸,,,
혜담,,,
예닮,,,
여경,,,
서혜,,,
아이린,,,
준이,,,
솔미,,,
미지,,,
효선,,,
예정,,,
새나,,,
보리,,,
명진,,,
지향,,,
서휘,,,
준아,,,
도혜,,,
린하,,,
상희,,,
이솜,,,
이음,,,
자인,,,
소하,,,
명서,,,
해랑,,,
여빈,,,
지해,,,
송아,,,
윤미,,,
한희,,,
유란,,,
혜솔,,,
노을,,,
도예,,,
한아,,,
자영,,,
우영,,,
우경,,,
재나,,,
재린,,,
송은,,,
영선,,,
채정,,,
설화,,,
이재,,,
아미,,,
다진,,,
성민,,,
은빛,,,
나빈,,,
자연,,,
설린,,,
나령,,,
수련,,,
효담,,,
미유,,,
예본,,,
승효,,,
효영,,,
세화,,,
우희,,,
수화,,,
정,,,
리엘,,,
올리비아,,,
효우,,,
로라,,,
나정,,,
보름,,,
정미,,,
성빈,,,
시엘,,,
교은,,,
모아,,,
초윤,,,
다을,,,
혜슬,,,
예연,,,
영미,,,
도유,,,
가예,,,
부경,,,
안,,,
가언,,,
민결,,,
문정,,,
이연,,,
리연,,,
한이,,,
승비,,,
연이,,,
호은,,,
하란,,,
여민,,,
현하,,,
믿음,,,
예아,,,
성하,,,
시진,,,
하울,,,
윤나,,,
미희,,,
리율,,,
비아,,,
지형,,,
다비,,,
성원,,,
주경,,,
하을,,,
은샘,,,
주엘,,,
가흔,,,
화연,,,
온,,,
애나,,,
신우,,,
란,,,
리은,,,
소피아,,,
미송,,,
윤화,,,
현승,,,
주비,,,
설빈,,,
희율,,,
별이,,,
상미,,,
하주,,,
채운,,,
하언,,,
성미,,,
랑,,,
라영,,,
라경,,,
요원,,,
해영,,,
미성,,,
우린,,,
유온,,,
혜랑,,,
이원,,,
보림,,,
우연,,,
리혜,,,
미솔,,,
지니,,,
재민,,,
동은,,,
아령,,,
노아,,,
다교,,,
미르,,,
제은,,,
효아,,,
청아,,,
이경,,,
지완,,,
경림,,,
초현,,,
선정,,,
영경,,,
새아,,,
노엘,,,
